size,instance_seed,solver_seed,beta_start,beta_end,optimum,objective,gap_percent,moves_attempted,runtime_seconds
6,303000,100,0.1,10.0,2.059867398976479,2.059867398976479,0.0,3600,0.026132300000426767
6,303000,101,0.1,10.0,2.059867398976479,2.059867398976479,0.0,3600,0.024813500000163913
6,303000,102,0.1,10.0,2.059867398976479,2.059867398976479,0.0,3600,0.024989100000311737
6,303000,100,1.0,30.0,2.059867398976479,2.059867398976479,0.0,3600,0.024650800000017625
6,303000,101,1.0,30.0,2.059867398976479,2.059867398976479,0.0,3600,0.025480800000877935
6,303000,102,1.0,30.0,2.059867398976479,2.059867398976479,0.0,3600,0.02368320000005042
6,303000,100,5.0,100.0,2.059867398976479,2.059867398976479,0.0,3600,0.02686269999958313
6,303000,101,5.0,100.0,2.059867398976479,2.059867398976479,0.0,3600,0.023657100000491482
6,303000,102,5.0,100.0,2.059867398976479,2.059867398976479,0.0,3600,0.028280200000153854
6,303000,100,10.0,100.0,2.059867398976479,2.059867398976479,0.0,3600,0.02238149999993766
6,303000,101,10.0,100.0,2.059867398976479,2.059867398976479,0.0,3600,0.025625100000070233
6,303000,102,10.0,100.0,2.059867398976479,2.059867398976479,0.0,3600,0.025261300000238407
6,303001,100,0.1,10.0,1.4884198240326365,1.4884198240326365,0.0,3600,0.02631759999985661
6,303001,101,0.1,10.0,1.4884198240326365,1.4884198240326365,0.0,3600,0.024990900000375404
6,303001,102,0.1,10.0,1.4884198240326365,1.4884198240326365,0.0,3600,0.02572299999974348
6,303001,100,1.0,30.0,1.4884198240326365,1.4884198240326365,0.0,3600,0.02357879999999568
6,303001,101,1.0,30.0,1.4884198240326365,1.4884198240326365,0.0,3600,0.0269334999993589
6,303001,102,1.0,30.0,1.4884198240326365,1.4884198240326365,0.0,3600,0.02415870000004361
6,303001,100,5.0,100.0,1.4884198240326365,1.4884198240326365,0.0,3600,0.02807440000015049
6,303001,101,5.0,100.0,1.4884198240326365,1.4884198240326365,0.0,3600,0.025145000000520668
6,303001,102,5.0,100.0,1.4884198240326365,1.4884198240326365,0.0,3600,0.024443199999950593
6,303001,100,10.0,100.0,1.4884198240326365,1.4884198240326365,0.0,3600,0.022426900000027672
6,303001,101,10.0,100.0,1.4884198240326365,1.4884198240326365,0.0,3600,0.024944899999354675
6,303001,102,10.0,100.0,1.4884198240326365,1.4884198240326365,0.0,3600,0.022869299999911163
10,303000,100,0.1,10.0,2.6703319467089206,2.6703319467089206,0.0,10000,0.07511689999955706
10,303000,101,0.1,10.0,2.6703319467089206,2.6703319467089206,0.0,10000,0.06876149999970949
10,303000,102,0.1,10.0,2.6703319467089206,2.6703319467089206,0.0,10000,0.072106900000108
10,303000,100,1.0,30.0,2.6703319467089206,2.670331946708921,2.220446049250313e-14,10000,0.07431059999998979
10,303000,101,1.0,30.0,2.6703319467089206,2.670331946708921,2.220446049250313e-14,10000,0.06924090000029537
10,303000,102,1.0,30.0,2.6703319467089206,2.670331946708921,2.220446049250313e-14,10000,0.07461960000000545
10,303000,100,5.0,100.0,2.6703319467089206,2.670331946708921,2.220446049250313e-14,10000,0.07377440000072966
10,303000,101,5.0,100.0,2.6703319467089206,2.670331946708921,2.220446049250313e-14,10000,0.0756346999996822
10,303000,102,5.0,100.0,2.6703319467089206,2.670331946708921,2.220446049250313e-14,10000,0.07485840000026656
10,303000,100,10.0,100.0,2.6703319467089206,2.832522019955162,6.07377945824803,10000,0.07669990000067628
10,303000,101,10.0,100.0,2.6703319467089206,2.670331946708921,2.220446049250313e-14,10000,0.07371220000004541
10,303000,102,10.0,100.0,2.6703319467089206,2.832522019955162,6.07377945824803,10000,0.07640770000034536
10,303001,100,0.1,10.0,2.0491568027712845,2.0491568027712845,0.0,10000,0.07231489999958285
10,303001,101,0.1,10.0,2.0491568027712845,2.049156802771285,2.220446049250313e-14,10000,0.07436939999934111
10,303001,102,0.1,10.0,2.0491568027712845,2.0491568027712845,0.0,10000,0.07072749999952066
10,303001,100,1.0,30.0,2.0491568027712845,2.049156802771285,2.220446049250313e-14,10000,0.07036729999981617
10,303001,101,1.0,30.0,2.0491568027712845,2.0491568027712845,0.0,10000,0.06778059999942343
10,303001,102,1.0,30.0,2.0491568027712845,2.0491568027712845,0.0,10000,0.06839330000002519
10,303001,100,5.0,100.0,2.0491568027712845,2.049156802771285,2.220446049250313e-14,10000,0.0635019999999713
10,303001,101,5.0,100.0,2.0491568027712845,2.049156802771285,2.220446049250313e-14,10000,0.06710180000027322
10,303001,102,5.0,100.0,2.0491568027712845,2.049156802771285,2.220446049250313e-14,10000,0.06559379999998782
10,303001,100,10.0,100.0,2.0491568027712845,2.049156802771285,2.220446049250313e-14,10000,0.07433180000043649
10,303001,101,10.0,100.0,2.0491568027712845,2.049156802771285,2.220446049250313e-14,10000,0.06780319999961648
10,303001,102,10.0,100.0,2.0491568027712845,2.4732054442392615,20.693811273714747,10000,0.07333440000002156
15,303000,100,0.1,10.0,3.137896683449924,3.1843959193922067,1.4818600047455943,22500,0.16125759999977163
15,303000,101,0.1,10.0,3.137896683449924,3.137896683449924,0.0,22500,0.17271199999959208
15,303000,102,0.1,10.0,3.137896683449924,3.1378966834499242,2.220446049250313e-14,22500,0.49192499999935535
15,303000,100,1.0,30.0,3.137896683449924,3.1378966834499242,2.220446049250313e-14,22500,0.5033761000004233
15,303000,101,1.0,30.0,3.137896683449924,3.1378966834499242,2.220446049250313e-14,22500,0.4943492000002152
15,303000,102,1.0,30.0,3.137896683449924,3.1378966834499242,2.220446049250313e-14,22500,0.48614069999985077
15,303000,100,5.0,100.0,3.137896683449924,3.137896683449924,0.0,22500,0.4885682000003726
15,303000,101,5.0,100.0,3.137896683449924,3.137896683449924,0.0,22500,0.48221860000012384
15,303000,102,5.0,100.0,3.137896683449924,3.137896683449924,0.0,22500,0.48207579999962036
15,303000,100,10.0,100.0,3.137896683449924,3.2867408828693288,4.743438501479269,22500,0.479298999999628
15,303000,101,10.0,100.0,3.137896683449924,3.1378966834499242,2.220446049250313e-14,22500,0.4914208999998664
15,303000,102,10.0,100.0,3.137896683449924,3.310527275462825,5.501474695562769,22500,0.40220809999937046
15,303001,100,0.1,10.0,2.895665132859236,2.9482612181903494,1.8163731964123464,22500,0.47404679999999644
15,303001,101,0.1,10.0,2.895665132859236,3.0345436071394394,4.796082002171009,22500,0.44556790000024193
15,303001,102,0.1,10.0,2.895665132859236,3.0514671095371106,5.380524664605546,22500,0.4769553999994969
15,303001,100,1.0,30.0,2.895665132859236,2.895665132859236,0.0,22500,0.46463200000016514
15,303001,101,1.0,30.0,2.895665132859236,2.895665132859236,0.0,22500,0.4691030999993018
15,303001,102,1.0,30.0,2.895665132859236,2.9159981137722824,0.7021868890263905,22500,0.4807596000000558
15,303001,100,5.0,100.0,2.895665132859236,3.03800989418513,4.915788076135019,22500,0.48095939999984694
15,303001,101,5.0,100.0,2.895665132859236,3.0712894346861366,6.0650763734370505,22500,0.47690480000073876
15,303001,102,5.0,100.0,2.895665132859236,2.895665132859236,0.0,22500,0.4770551000001433
15,303001,100,10.0,100.0,2.895665132859236,2.895665132859236,0.0,22500,0.47990740000022925
15,303001,101,10.0,100.0,2.895665132859236,2.895665132859236,0.0,22500,0.4567758999992293
15,303001,102,10.0,100.0,2.895665132859236,2.9159981137722824,0.7021868890263905,22500,0.4975205000000642
20,303000,100,0.1,10.0,3.2652282919160003,3.5785370823126255,9.595310415884551,40000,0.25438560000020516
20,303000,101,0.1,10.0,3.2652282919160003,3.601016961556559,10.283773127652317,40000,0.2630654999993567
20,303000,102,0.1,10.0,3.2652282919160003,3.890914670010393,19.16210206935476,40000,0.26535469999998895
20,303000,100,1.0,30.0,3.2652282919160003,3.698582478513572,13.271788305597587,40000,0.26139020000027813
20,303000,101,1.0,30.0,3.2652282919160003,3.4956526534802004,7.056914278694726,40000,0.2698240999998234
20,303000,102,1.0,30.0,3.2652282919160003,3.7517949096837855,14.901457854338052,40000,0.27879120000034163
20,303000,100,5.0,100.0,3.2652282919160003,3.350072886326814,2.598427638914891,40000,0.5210572999994838
20,303000,101,5.0,100.0,3.2652282919160003,3.2652282919160007,2.220446049250313e-14,40000,0.39197130000047764
20,303000,102,5.0,100.0,3.2652282919160003,3.7862900952649476,15.957898093648893,40000,0.5775368000004164
20,303000,100,10.0,100.0,3.2652282919160003,3.7330876395572883,14.328534050731045,40000,0.3706603000000541
20,303000,101,10.0,100.0,3.2652282919160003,3.7862900952649468,15.957898093648847,40000,0.328420300000289
20,303000,102,10.0,100.0,3.2652282919160003,3.3427064930439965,2.3728264672891575,40000,0.3158083999996961
20,303001,100,0.1,10.0,3.777254907582503,4.10295633077209,8.622701701592096,40000,0.27898650000042835
20,303001,101,0.1,10.0,3.777254907582503,4.12401299583487,9.180161168267498,40000,0.2796207000001232
20,303001,102,0.1,10.0,3.777254907582503,4.044717831028282,7.080880956931734,40000,0.4978168999996342
20,303001,100,1.0,30.0,3.777254907582503,3.959559547517673,4.82637906086798,40000,0.5217518999997992
20,303001,101,1.0,30.0,3.777254907582503,3.777254907582503,0.0,40000,0.6202580999997735
20,303001,102,1.0,30.0,3.777254907582503,3.777254907582503,0.0,40000,0.3984116999999969
20,303001,100,5.0,100.0,3.777254907582503,4.280557975705646,13.32457248550547,40000,0.5630793999998787
20,303001,101,5.0,100.0,3.777254907582503,3.8195050240604105,1.1185402497748909,40000,0.5043451999999888
20,303001,102,5.0,100.0,3.777254907582503,3.8195050240604105,1.1185402497748909,40000,0.5023367000003418
20,303001,100,10.0,100.0,3.777254907582503,3.777254907582503,0.0,40000,0.5057433000001765
20,303001,101,10.0,100.0,3.777254907582503,3.7772549075825035,2.220446049250313e-14,40000,0.388415299999906
20,303001,102,10.0,100.0,3.777254907582503,4.096673552699284,8.456369848790878,40000,0.28423490000022866
