instance,instance_seed,size,demand_total,capacity,capacity_regime,solver_seed,sweeps_per_variable,schedule,feasible,optimal_hit,objective,proven_optimum,gap_percent,runtime_seconds,attempts,variable_count,slack_bits_per_vehicle
tiny-4-203100,203100,4,7,4,tight,203200,100,coefficient_scaled_linear,0,0,,287.0,,0.06634630000189645,4600,46,3
tiny-4-203100,203100,4,7,4,tight,203200,100,penalty_scaled_geometric,0,0,,287.0,,0.06808879999880446,4600,46,3
tiny-4-203100,203100,4,7,4,tight,203600,500,coefficient_scaled_linear,0,0,,287.0,,0.3187418000015896,23000,46,3
tiny-4-203100,203100,4,7,4,tight,203600,500,penalty_scaled_geometric,0,0,,287.0,,0.3267390999972122,23000,46,3
tiny-4-203100,203100,4,7,4,tight,205100,2000,coefficient_scaled_linear,1,1,287.0,287.0,0.0,1.24334049999743,92000,46,3
tiny-4-203100,203100,4,7,4,tight,205100,2000,penalty_scaled_geometric,1,1,287.0,287.0,0.0,1.2825201000014204,92000,46,3
tiny-4-203100,203100,4,7,4,tight,213100,10000,coefficient_scaled_linear,0,0,,287.0,,6.344317899995076,460000,46,3
tiny-4-203100,203100,4,7,4,tight,213100,10000,penalty_scaled_geometric,1,1,287.0,287.0,0.0,6.46418039999844,460000,46,3
tiny-4-203101,203101,4,12,12,loose,203201,100,coefficient_scaled_linear,0,0,,194.0,,0.06628810000256635,4800,48,4
tiny-4-203101,203101,4,12,12,loose,203201,100,penalty_scaled_geometric,0,0,,194.0,,0.07061979999707546,4800,48,4
tiny-4-203101,203101,4,12,12,loose,203601,500,coefficient_scaled_linear,0,0,,194.0,,0.32323790000373265,24000,48,4
tiny-4-203101,203101,4,12,12,loose,203601,500,penalty_scaled_geometric,0,0,,194.0,,0.3405464999959804,24000,48,4
tiny-4-203101,203101,4,12,12,loose,205101,2000,coefficient_scaled_linear,0,0,,194.0,,1.2871164999960456,96000,48,4
tiny-4-203101,203101,4,12,12,loose,205101,2000,penalty_scaled_geometric,0,0,,194.0,,1.3363822999963304,96000,48,4
tiny-4-203101,203101,4,12,12,loose,213101,10000,coefficient_scaled_linear,0,0,,194.0,,6.41950750000251,480000,48,4
tiny-4-203101,203101,4,12,12,loose,213101,10000,penalty_scaled_geometric,0,0,,194.0,,6.728518500000064,480000,48,4
tiny-4-203102,203102,4,11,6,tight,203202,100,coefficient_scaled_linear,0,0,,278.0,,0.06553240000357619,4600,46,3
tiny-4-203102,203102,4,11,6,tight,203202,100,penalty_scaled_geometric,0,0,,278.0,,0.06683760000305483,4600,46,3
tiny-4-203102,203102,4,11,6,tight,203602,500,coefficient_scaled_linear,0,0,,278.0,,0.3164610999956494,23000,46,3
tiny-4-203102,203102,4,11,6,tight,203602,500,penalty_scaled_geometric,0,0,,278.0,,0.3307332000040333,23000,46,3
tiny-4-203102,203102,4,11,6,tight,205102,2000,coefficient_scaled_linear,0,0,,278.0,,1.2583568000045489,92000,46,3
tiny-4-203102,203102,4,11,6,tight,205102,2000,penalty_scaled_geometric,1,1,278.0,278.0,0.0,1.2853136000048835,92000,46,3
tiny-4-203102,203102,4,11,6,tight,213102,10000,coefficient_scaled_linear,0,0,,278.0,,6.279418300000543,460000,46,3
tiny-4-203102,203102,4,11,6,tight,213102,10000,penalty_scaled_geometric,1,0,296.0,278.0,6.474820143884896,6.466772499996296,460000,46,3
tiny-4-203103,203103,4,8,8,loose,203203,100,coefficient_scaled_linear,0,0,,196.0,,0.06669269999838434,4800,48,4
tiny-4-203103,203103,4,8,8,loose,203203,100,penalty_scaled_geometric,0,0,,196.0,,0.06998079999902984,4800,48,4
tiny-4-203103,203103,4,8,8,loose,203603,500,coefficient_scaled_linear,0,0,,196.0,,0.31800079999811715,24000,48,4
tiny-4-203103,203103,4,8,8,loose,203603,500,penalty_scaled_geometric,0,0,,196.0,,0.3290030000061961,24000,48,4
tiny-4-203103,203103,4,8,8,loose,205103,2000,coefficient_scaled_linear,0,0,,196.0,,1.280641999997897,96000,48,4
tiny-4-203103,203103,4,8,8,loose,205103,2000,penalty_scaled_geometric,0,0,,196.0,,1.3333664999954635,96000,48,4
tiny-4-203103,203103,4,8,8,loose,213103,10000,coefficient_scaled_linear,0,0,,196.0,,6.43340580000222,480000,48,4
tiny-4-203103,203103,4,8,8,loose,213103,10000,penalty_scaled_geometric,1,0,248.0,196.0,26.530612244897966,6.690912500002014,480000,48,4
tiny-4-203104,203104,4,8,4,tight,203204,100,coefficient_scaled_linear,0,0,,395.0,,0.06570079999801237,4600,46,3
tiny-4-203104,203104,4,8,4,tight,203204,100,penalty_scaled_geometric,0,0,,395.0,,0.06627329999901121,4600,46,3
tiny-4-203104,203104,4,8,4,tight,203604,500,coefficient_scaled_linear,0,0,,395.0,,0.31197400000382913,23000,46,3
tiny-4-203104,203104,4,8,4,tight,203604,500,penalty_scaled_geometric,0,0,,395.0,,0.32045669999934034,23000,46,3
tiny-4-203104,203104,4,8,4,tight,205104,2000,coefficient_scaled_linear,0,0,,395.0,,1.2567611999984365,92000,46,3
tiny-4-203104,203104,4,8,4,tight,205104,2000,penalty_scaled_geometric,1,1,395.0,395.0,0.0,1.2931473999997252,92000,46,3
tiny-4-203104,203104,4,8,4,tight,213104,10000,coefficient_scaled_linear,0,0,,395.0,,6.257821899998817,460000,46,3
tiny-4-203104,203104,4,8,4,tight,213104,10000,penalty_scaled_geometric,1,1,395.0,395.0,0.0,6.414508599998953,460000,46,3
tiny-4-203105,203105,4,8,8,loose,203205,100,coefficient_scaled_linear,0,0,,234.0,,0.06801709999854211,4800,48,4
tiny-4-203105,203105,4,8,8,loose,203205,100,penalty_scaled_geometric,1,0,324.0,234.0,38.46153846153846,0.07022560000041267,4800,48,4
tiny-4-203105,203105,4,8,8,loose,203605,500,coefficient_scaled_linear,0,0,,234.0,,0.32629219999944326,24000,48,4
tiny-4-203105,203105,4,8,8,loose,203605,500,penalty_scaled_geometric,0,0,,234.0,,0.3367856999975629,24000,48,4
tiny-4-203105,203105,4,8,8,loose,205105,2000,coefficient_scaled_linear,0,0,,234.0,,1.2830838000008953,96000,48,4
tiny-4-203105,203105,4,8,8,loose,205105,2000,penalty_scaled_geometric,1,0,378.0,234.0,61.53846153846154,1.3371590000024298,96000,48,4
tiny-4-203105,203105,4,8,8,loose,213105,10000,coefficient_scaled_linear,0,0,,234.0,,6.52158259999851,480000,48,4
tiny-4-203105,203105,4,8,8,loose,213105,10000,penalty_scaled_geometric,1,0,331.0,234.0,41.45299145299146,6.659024600005068,480000,48,4
tiny-4-203106,203106,4,6,3,tight,203206,100,coefficient_scaled_linear,0,0,,279.0,,0.06286769999860553,4400,44,2
tiny-4-203106,203106,4,6,3,tight,203206,100,penalty_scaled_geometric,0,0,,279.0,,0.06384499999694526,4400,44,2
tiny-4-203106,203106,4,6,3,tight,203606,500,coefficient_scaled_linear,0,0,,279.0,,0.2996854000011808,22000,44,2
tiny-4-203106,203106,4,6,3,tight,203606,500,penalty_scaled_geometric,0,0,,279.0,,0.30639830000291113,22000,44,2
tiny-4-203106,203106,4,6,3,tight,205106,2000,coefficient_scaled_linear,0,0,,279.0,,1.214948099994217,88000,44,2
tiny-4-203106,203106,4,6,3,tight,205106,2000,penalty_scaled_geometric,1,1,279.0,279.0,0.0,1.2420895999966888,88000,44,2
tiny-4-203106,203106,4,6,3,tight,213106,10000,coefficient_scaled_linear,1,1,279.0,279.0,0.0,6.034832799996366,440000,44,2
tiny-4-203106,203106,4,6,3,tight,213106,10000,penalty_scaled_geometric,1,1,279.0,279.0,0.0,6.270226200002071,440000,44,2
tiny-4-203107,203107,4,6,6,loose,203207,100,coefficient_scaled_linear,0,0,,190.0,,0.07524279999779537,4600,46,3
tiny-4-203107,203107,4,6,6,loose,203207,100,penalty_scaled_geometric,0,0,,190.0,,0.0684560000008787,4600,46,3
tiny-4-203107,203107,4,6,6,loose,203607,500,coefficient_scaled_linear,0,0,,190.0,,0.30881850000150735,23000,46,3
tiny-4-203107,203107,4,6,6,loose,203607,500,penalty_scaled_geometric,1,0,342.0,190.0,80.0,0.3254289999968023,23000,46,3
tiny-4-203107,203107,4,6,6,loose,205107,2000,coefficient_scaled_linear,0,0,,190.0,,1.2367395000037504,92000,46,3
tiny-4-203107,203107,4,6,6,loose,205107,2000,penalty_scaled_geometric,1,0,364.0,190.0,91.57894736842105,1.2787697999956436,92000,46,3
tiny-4-203107,203107,4,6,6,loose,213107,10000,coefficient_scaled_linear,0,0,,190.0,,6.15883649999887,460000,46,3
tiny-4-203107,203107,4,6,6,loose,213107,10000,penalty_scaled_geometric,1,1,190.0,190.0,0.0,6.393498000004911,460000,46,3
tiny-4-203108,203108,4,8,4,tight,203208,100,coefficient_scaled_linear,0,0,,238.0,,0.06579029999556951,4600,46,3
tiny-4-203108,203108,4,8,4,tight,203208,100,penalty_scaled_geometric,0,0,,238.0,,0.06812250000075437,4600,46,3
tiny-4-203108,203108,4,8,4,tight,203608,500,coefficient_scaled_linear,0,0,,238.0,,0.31892649999645073,23000,46,3
tiny-4-203108,203108,4,8,4,tight,203608,500,penalty_scaled_geometric,1,1,238.0,238.0,0.0,0.32228439999744296,23000,46,3
tiny-4-203108,203108,4,8,4,tight,205108,2000,coefficient_scaled_linear,0,0,,238.0,,1.2597218000009889,92000,46,3
tiny-4-203108,203108,4,8,4,tight,205108,2000,penalty_scaled_geometric,1,1,238.0,238.0,0.0,1.2813660999963759,92000,46,3
tiny-4-203108,203108,4,8,4,tight,213108,10000,coefficient_scaled_linear,0,0,,238.0,,6.404281800001627,460000,46,3
tiny-4-203108,203108,4,8,4,tight,213108,10000,penalty_scaled_geometric,1,1,238.0,238.0,0.0,6.433023800003866,460000,46,3
tiny-4-203109,203109,4,8,8,loose,203209,100,coefficient_scaled_linear,0,0,,255.0,,0.06658690000040224,4800,48,4
tiny-4-203109,203109,4,8,8,loose,203209,100,penalty_scaled_geometric,1,0,396.0,255.0,55.294117647058826,0.06954129999940051,4800,48,4
tiny-4-203109,203109,4,8,8,loose,203609,500,coefficient_scaled_linear,0,0,,255.0,,0.33129639999970095,24000,48,4
tiny-4-203109,203109,4,8,8,loose,203609,500,penalty_scaled_geometric,1,0,368.0,255.0,44.31372549019608,0.33415080000122543,24000,48,4
tiny-4-203109,203109,4,8,8,loose,205109,2000,coefficient_scaled_linear,0,0,,255.0,,1.2901683000018238,96000,48,4
tiny-4-203109,203109,4,8,8,loose,205109,2000,penalty_scaled_geometric,1,0,305.0,255.0,19.6078431372549,1.3315636000043014,96000,48,4
tiny-4-203109,203109,4,8,8,loose,213109,10000,coefficient_scaled_linear,0,0,,255.0,,6.4127579999985755,480000,48,4
tiny-4-203109,203109,4,8,8,loose,213109,10000,penalty_scaled_geometric,1,0,355.0,255.0,39.2156862745098,6.6947555000006105,480000,48,4
tiny-5-203100,203100,5,8,4,tight,203200,100,coefficient_scaled_linear,0,0,,371.0,,0.10357459999795537,6600,66,3
tiny-5-203100,203100,5,8,4,tight,203200,100,penalty_scaled_geometric,0,0,,371.0,,0.10863930000050459,6600,66,3
tiny-5-203100,203100,5,8,4,tight,203600,500,coefficient_scaled_linear,0,0,,371.0,,0.5048509999978705,33000,66,3
tiny-5-203100,203100,5,8,4,tight,203600,500,penalty_scaled_geometric,0,0,,371.0,,0.5251920999944559,33000,66,3
tiny-5-203100,203100,5,8,4,tight,205100,2000,coefficient_scaled_linear,0,0,,371.0,,1.882846000000427,132000,66,3
tiny-5-203100,203100,5,8,4,tight,205100,2000,penalty_scaled_geometric,1,0,402.0,371.0,8.35579514824798,1.874803200000315,132000,66,3
tiny-5-203100,203100,5,8,4,tight,213100,10000,coefficient_scaled_linear,0,0,,371.0,,9.083147900004406,660000,66,3
tiny-5-203100,203100,5,8,4,tight,213100,10000,penalty_scaled_geometric,1,1,371.0,371.0,0.0,9.222792300002766,660000,66,3
tiny-5-203101,203101,5,11,11,loose,203201,100,coefficient_scaled_linear,0,0,,196.0,,0.0957540000017616,6800,68,4
tiny-5-203101,203101,5,11,11,loose,203201,100,penalty_scaled_geometric,0,0,,196.0,,0.10045179999724496,6800,68,4
tiny-5-203101,203101,5,11,11,loose,203601,500,coefficient_scaled_linear,0,0,,196.0,,0.4667579999950249,34000,68,4
tiny-5-203101,203101,5,11,11,loose,203601,500,penalty_scaled_geometric,0,0,,196.0,,0.4854960000011488,34000,68,4
tiny-5-203101,203101,5,11,11,loose,205101,2000,coefficient_scaled_linear,0,0,,196.0,,1.973274299998593,136000,68,4
tiny-5-203101,203101,5,11,11,loose,205101,2000,penalty_scaled_geometric,0,0,,196.0,,1.9485865000024205,136000,68,4
tiny-5-203101,203101,5,11,11,loose,213101,10000,coefficient_scaled_linear,0,0,,196.0,,9.19668819999788,680000,68,4
tiny-5-203101,203101,5,11,11,loose,213101,10000,penalty_scaled_geometric,0,0,,196.0,,9.528237800004717,680000,68,4
tiny-5-203102,203102,5,12,6,tight,203202,100,coefficient_scaled_linear,0,0,,328.0,,0.09580300000379793,6600,66,3
tiny-5-203102,203102,5,12,6,tight,203202,100,penalty_scaled_geometric,0,0,,328.0,,0.09665289999975357,6600,66,3
tiny-5-203102,203102,5,12,6,tight,203602,500,coefficient_scaled_linear,0,0,,328.0,,0.4523293999955058,33000,66,3
tiny-5-203102,203102,5,12,6,tight,203602,500,penalty_scaled_geometric,0,0,,328.0,,0.4634772999997949,33000,66,3
tiny-5-203102,203102,5,12,6,tight,205102,2000,coefficient_scaled_linear,0,0,,328.0,,1.8035760999991908,132000,66,3
tiny-5-203102,203102,5,12,6,tight,205102,2000,penalty_scaled_geometric,0,0,,328.0,,1.951875700004166,132000,66,3
tiny-5-203102,203102,5,12,6,tight,213102,10000,coefficient_scaled_linear,0,0,,328.0,,9.029313599996385,660000,66,3
tiny-5-203102,203102,5,12,6,tight,213102,10000,penalty_scaled_geometric,0,0,,328.0,,9.257705999996688,660000,66,3
tiny-5-203103,203103,5,8,8,loose,203203,100,coefficient_scaled_linear,0,0,,220.0,,0.09843150000233436,6800,68,4
tiny-5-203103,203103,5,8,8,loose,203203,100,penalty_scaled_geometric,0,0,,220.0,,0.09840599999733968,6800,68,4
tiny-5-203103,203103,5,8,8,loose,203603,500,coefficient_scaled_linear,0,0,,220.0,,0.4717000000018743,34000,68,4
tiny-5-203103,203103,5,8,8,loose,203603,500,penalty_scaled_geometric,0,0,,220.0,,0.4861120999994455,34000,68,4
tiny-5-203103,203103,5,8,8,loose,205103,2000,coefficient_scaled_linear,0,0,,220.0,,1.8207698999976856,136000,68,4
tiny-5-203103,203103,5,8,8,loose,205103,2000,penalty_scaled_geometric,0,0,,220.0,,1.892685300001176,136000,68,4
tiny-5-203103,203103,5,8,8,loose,213103,10000,coefficient_scaled_linear,0,0,,220.0,,9.276002799997514,680000,68,4
tiny-5-203103,203103,5,8,8,loose,213103,10000,penalty_scaled_geometric,1,0,270.0,220.0,22.72727272727273,9.522281999998086,680000,68,4
tiny-5-203104,203104,5,7,4,tight,203204,100,coefficient_scaled_linear,0,0,,299.0,,0.09583289999864064,6600,66,3
tiny-5-203104,203104,5,7,4,tight,203204,100,penalty_scaled_geometric,1,0,387.0,299.0,29.431438127090303,0.09597200000280282,6600,66,3
tiny-5-203104,203104,5,7,4,tight,203604,500,coefficient_scaled_linear,0,0,,299.0,,0.4511475999970571,33000,66,3
tiny-5-203104,203104,5,7,4,tight,203604,500,penalty_scaled_geometric,1,0,387.0,299.0,29.431438127090303,0.46344690000114497,33000,66,3
tiny-5-203104,203104,5,7,4,tight,205104,2000,coefficient_scaled_linear,0,0,,299.0,,1.7908583000025828,132000,66,3
tiny-5-203104,203104,5,7,4,tight,205104,2000,penalty_scaled_geometric,1,1,299.0,299.0,0.0,1.8354607000001124,132000,66,3
tiny-5-203104,203104,5,7,4,tight,213104,10000,coefficient_scaled_linear,0,0,,299.0,,9.107367600001453,660000,66,3
tiny-5-203104,203104,5,7,4,tight,213104,10000,penalty_scaled_geometric,1,1,299.0,299.0,0.0,9.212362499994924,660000,66,3
tiny-5-203105,203105,5,11,11,loose,203205,100,coefficient_scaled_linear,0,0,,235.0,,0.09743980000348529,6800,68,4
tiny-5-203105,203105,5,11,11,loose,203205,100,penalty_scaled_geometric,0,0,,235.0,,0.09987589999946067,6800,68,4
tiny-5-203105,203105,5,11,11,loose,203605,500,coefficient_scaled_linear,0,0,,235.0,,0.46407280000130413,34000,68,4
tiny-5-203105,203105,5,11,11,loose,203605,500,penalty_scaled_geometric,0,0,,235.0,,0.47794770000473363,34000,68,4
tiny-5-203105,203105,5,11,11,loose,205105,2000,coefficient_scaled_linear,0,0,,235.0,,1.8185038000010536,136000,68,4
tiny-5-203105,203105,5,11,11,loose,205105,2000,penalty_scaled_geometric,0,0,,235.0,,1.897417599997425,136000,68,4
tiny-5-203105,203105,5,11,11,loose,213105,10000,coefficient_scaled_linear,0,0,,235.0,,9.324437200004468,680000,68,4
tiny-5-203105,203105,5,11,11,loose,213105,10000,penalty_scaled_geometric,1,0,337.0,235.0,43.40425531914893,9.426543699999456,680000,68,4
tiny-5-203106,203106,5,10,5,tight,203206,100,coefficient_scaled_linear,0,0,,281.0,,0.09474770000088029,6600,66,3
tiny-5-203106,203106,5,10,5,tight,203206,100,penalty_scaled_geometric,0,0,,281.0,,0.09657799999695271,6600,66,3
tiny-5-203106,203106,5,10,5,tight,203606,500,coefficient_scaled_linear,0,0,,281.0,,0.45045179999578977,33000,66,3
tiny-5-203106,203106,5,10,5,tight,203606,500,penalty_scaled_geometric,0,0,,281.0,,0.4621257999970112,33000,66,3
tiny-5-203106,203106,5,10,5,tight,205106,2000,coefficient_scaled_linear,0,0,,281.0,,1.7870182000042405,132000,66,3
tiny-5-203106,203106,5,10,5,tight,205106,2000,penalty_scaled_geometric,0,0,,281.0,,1.8495487999971374,132000,66,3
tiny-5-203106,203106,5,10,5,tight,213106,10000,coefficient_scaled_linear,0,0,,281.0,,9.140811900004337,660000,66,3
tiny-5-203106,203106,5,10,5,tight,213106,10000,penalty_scaled_geometric,0,0,,281.0,,9.19223200000124,660000,66,3
tiny-5-203107,203107,5,8,8,loose,203207,100,coefficient_scaled_linear,0,0,,194.0,,0.0973837999990792,6800,68,4
tiny-5-203107,203107,5,8,8,loose,203207,100,penalty_scaled_geometric,0,0,,194.0,,0.10013720000279136,6800,68,4
tiny-5-203107,203107,5,8,8,loose,203607,500,coefficient_scaled_linear,0,0,,194.0,,0.46087809999880847,34000,68,4
tiny-5-203107,203107,5,8,8,loose,203607,500,penalty_scaled_geometric,0,0,,194.0,,0.4724510000014561,34000,68,4
tiny-5-203107,203107,5,8,8,loose,205107,2000,coefficient_scaled_linear,0,0,,194.0,,1.8302046999961021,136000,68,4
tiny-5-203107,203107,5,8,8,loose,205107,2000,penalty_scaled_geometric,0,0,,194.0,,1.893511900001613,136000,68,4
tiny-5-203107,203107,5,8,8,loose,213107,10000,coefficient_scaled_linear,0,0,,194.0,,9.08601909999561,680000,68,4
tiny-5-203107,203107,5,8,8,loose,213107,10000,penalty_scaled_geometric,1,0,253.0,194.0,30.41237113402062,9.324078499994357,680000,68,4
tiny-5-203108,203108,5,9,5,tight,203208,100,coefficient_scaled_linear,0,0,,225.0,,0.09710130000166828,6600,66,3
tiny-5-203108,203108,5,9,5,tight,203208,100,penalty_scaled_geometric,0,0,,225.0,,0.0998879000035231,6600,66,3
tiny-5-203108,203108,5,9,5,tight,203608,500,coefficient_scaled_linear,0,0,,225.0,,0.45854269999836106,33000,66,3
tiny-5-203108,203108,5,9,5,tight,203608,500,penalty_scaled_geometric,1,1,225.0,225.0,0.0,0.4693279999992228,33000,66,3
tiny-5-203108,203108,5,9,5,tight,205108,2000,coefficient_scaled_linear,0,0,,225.0,,1.8550273000000743,132000,66,3
tiny-5-203108,203108,5,9,5,tight,205108,2000,penalty_scaled_geometric,0,0,,225.0,,1.8883405000015046,132000,66,3
tiny-5-203108,203108,5,9,5,tight,213108,10000,coefficient_scaled_linear,0,0,,225.0,,8.92179759999999,660000,66,3
tiny-5-203108,203108,5,9,5,tight,213108,10000,penalty_scaled_geometric,1,0,263.0,225.0,16.888888888888886,9.22801150000305,660000,66,3
tiny-5-203109,203109,5,9,9,loose,203209,100,coefficient_scaled_linear,0,0,,259.0,,0.062482399996952154,6800,68,4
tiny-5-203109,203109,5,9,9,loose,203209,100,penalty_scaled_geometric,0,0,,259.0,,0.027280900001642294,6800,68,4
tiny-5-203109,203109,5,9,9,loose,203609,500,coefficient_scaled_linear,0,0,,259.0,,0.3204609000022174,34000,68,4
tiny-5-203109,203109,5,9,9,loose,203609,500,penalty_scaled_geometric,0,0,,259.0,,0.5040396999975201,34000,68,4
tiny-5-203109,203109,5,9,9,loose,205109,2000,coefficient_scaled_linear,0,0,,259.0,,1.8950887999963015,136000,68,4
tiny-5-203109,203109,5,9,9,loose,205109,2000,penalty_scaled_geometric,0,0,,259.0,,1.9182131999987178,136000,68,4
tiny-5-203109,203109,5,9,9,loose,213109,10000,coefficient_scaled_linear,0,0,,259.0,,8.948503900006472,680000,68,4
tiny-5-203109,203109,5,9,9,loose,213109,10000,penalty_scaled_geometric,1,0,399.0,259.0,54.054054054054056,9.418550499998673,680000,68,4
tiny-6-203100,203100,6,10,5,tight,203200,100,coefficient_scaled_linear,0,0,,354.0,,0.13891699999658158,9000,90,3
tiny-6-203100,203100,6,10,5,tight,203200,100,penalty_scaled_geometric,0,0,,354.0,,0.1417561000052956,9000,90,3
tiny-6-203100,203100,6,10,5,tight,203600,500,coefficient_scaled_linear,0,0,,354.0,,0.6536301000014646,45000,90,3
tiny-6-203100,203100,6,10,5,tight,203600,500,penalty_scaled_geometric,0,0,,354.0,,0.6558971999984351,45000,90,3
tiny-6-203100,203100,6,10,5,tight,205100,2000,coefficient_scaled_linear,0,0,,354.0,,2.551311399998667,180000,90,3
tiny-6-203100,203100,6,10,5,tight,205100,2000,penalty_scaled_geometric,1,0,441.0,354.0,24.576271186440678,2.489565000003495,180000,90,3
tiny-6-203100,203100,6,10,5,tight,213100,10000,coefficient_scaled_linear,0,0,,354.0,,12.546013799998036,900000,90,3
tiny-6-203100,203100,6,10,5,tight,213100,10000,penalty_scaled_geometric,1,0,382.0,354.0,7.909604519774005,12.754222900002787,900000,90,3
tiny-6-203101,203101,6,10,10,loose,203201,100,coefficient_scaled_linear,0,0,,239.0,,0.1362405000036233,9200,92,4
tiny-6-203101,203101,6,10,10,loose,203201,100,penalty_scaled_geometric,0,0,,239.0,,0.14032419999421109,9200,92,4
tiny-6-203101,203101,6,10,10,loose,203601,500,coefficient_scaled_linear,0,0,,239.0,,0.6596122999981162,46000,92,4
tiny-6-203101,203101,6,10,10,loose,203601,500,penalty_scaled_geometric,0,0,,239.0,,0.6764067000040086,46000,92,4
tiny-6-203101,203101,6,10,10,loose,205101,2000,coefficient_scaled_linear,0,0,,239.0,,2.556511099995987,184000,92,4
tiny-6-203101,203101,6,10,10,loose,205101,2000,penalty_scaled_geometric,1,0,390.0,239.0,63.179916317991626,2.676283599997987,184000,92,4
tiny-6-203101,203101,6,10,10,loose,213101,10000,coefficient_scaled_linear,0,0,,239.0,,12.58802519999881,920000,92,4
tiny-6-203101,203101,6,10,10,loose,213101,10000,penalty_scaled_geometric,0,0,,239.0,,13.421509499996318,920000,92,4
tiny-6-203102,203102,6,12,6,tight,203202,100,coefficient_scaled_linear,0,0,,306.0,,0.10204130000056466,9000,90,3
tiny-6-203102,203102,6,12,6,tight,203202,100,penalty_scaled_geometric,0,0,,306.0,,0.13852679999399697,9000,90,3
tiny-6-203102,203102,6,12,6,tight,203602,500,coefficient_scaled_linear,0,0,,306.0,,0.6577477999962866,45000,90,3
tiny-6-203102,203102,6,12,6,tight,203602,500,penalty_scaled_geometric,0,0,,306.0,,0.6487100000013015,45000,90,3
tiny-6-203102,203102,6,12,6,tight,205102,2000,coefficient_scaled_linear,0,0,,306.0,,2.5316075000009732,180000,90,3
tiny-6-203102,203102,6,12,6,tight,205102,2000,penalty_scaled_geometric,0,0,,306.0,,2.6104128999941167,180000,90,3
tiny-6-203102,203102,6,12,6,tight,213102,10000,coefficient_scaled_linear,0,0,,306.0,,12.633647200003907,900000,90,3
tiny-6-203102,203102,6,12,6,tight,213102,10000,penalty_scaled_geometric,0,0,,306.0,,12.559036300001026,900000,90,3
tiny-6-203103,203103,6,12,12,loose,203203,100,coefficient_scaled_linear,0,0,,230.0,,0.1402721999984351,9200,92,4
tiny-6-203103,203103,6,12,12,loose,203203,100,penalty_scaled_geometric,0,0,,230.0,,0.13899750000564381,9200,92,4
tiny-6-203103,203103,6,12,12,loose,203603,500,coefficient_scaled_linear,0,0,,230.0,,0.6416220999963116,46000,92,4
tiny-6-203103,203103,6,12,12,loose,203603,500,penalty_scaled_geometric,0,0,,230.0,,0.6962932000024011,46000,92,4
tiny-6-203103,203103,6,12,12,loose,205103,2000,coefficient_scaled_linear,0,0,,230.0,,2.5336382999958005,184000,92,4
tiny-6-203103,203103,6,12,12,loose,205103,2000,penalty_scaled_geometric,0,0,,230.0,,2.631310900003882,184000,92,4
tiny-6-203103,203103,6,12,12,loose,213103,10000,coefficient_scaled_linear,0,0,,230.0,,12.626611700005014,920000,92,4
tiny-6-203103,203103,6,12,12,loose,213103,10000,penalty_scaled_geometric,0,0,,230.0,,13.135044800001197,920000,92,4
tiny-6-203104,203104,6,10,5,tight,203204,100,coefficient_scaled_linear,0,0,,340.0,,0.1359876999995322,9000,90,3
tiny-6-203104,203104,6,10,5,tight,203204,100,penalty_scaled_geometric,0,0,,340.0,,0.13818779999564867,9000,90,3
tiny-6-203104,203104,6,10,5,tight,203604,500,coefficient_scaled_linear,0,0,,340.0,,0.5951167000021087,45000,90,3
tiny-6-203104,203104,6,10,5,tight,203604,500,penalty_scaled_geometric,0,0,,340.0,,0.6597853999992367,45000,90,3
tiny-6-203104,203104,6,10,5,tight,205104,2000,coefficient_scaled_linear,0,0,,340.0,,2.541582500001823,180000,90,3
tiny-6-203104,203104,6,10,5,tight,205104,2000,penalty_scaled_geometric,0,0,,340.0,,2.595674800002598,180000,90,3
tiny-6-203104,203104,6,10,5,tight,213104,10000,coefficient_scaled_linear,0,0,,340.0,,12.55393219999678,900000,90,3
tiny-6-203104,203104,6,10,5,tight,213104,10000,penalty_scaled_geometric,1,0,376.0,340.0,10.588235294117654,12.916389200006961,900000,90,3
tiny-6-203105,203105,6,13,13,loose,203205,100,coefficient_scaled_linear,0,0,,273.0,,0.13527580000663875,9200,92,4
tiny-6-203105,203105,6,13,13,loose,203205,100,penalty_scaled_geometric,0,0,,273.0,,0.1419940999985556,9200,92,4
tiny-6-203105,203105,6,13,13,loose,203605,500,coefficient_scaled_linear,0,0,,273.0,,0.6428114000009373,46000,92,4
tiny-6-203105,203105,6,13,13,loose,203605,500,penalty_scaled_geometric,0,0,,273.0,,0.6623956999974325,46000,92,4
tiny-6-203105,203105,6,13,13,loose,205105,2000,coefficient_scaled_linear,0,0,,273.0,,2.4740419999943697,184000,92,4
tiny-6-203105,203105,6,13,13,loose,205105,2000,penalty_scaled_geometric,0,0,,273.0,,2.6173848999969778,184000,92,4
tiny-6-203105,203105,6,13,13,loose,213105,10000,coefficient_scaled_linear,0,0,,273.0,,12.460883300002024,920000,92,4
tiny-6-203105,203105,6,13,13,loose,213105,10000,penalty_scaled_geometric,0,0,,273.0,,13.105966600000102,920000,92,4
tiny-6-203106,203106,6,12,6,tight,203206,100,coefficient_scaled_linear,0,0,,286.0,,0.15172749999328516,9000,90,3
tiny-6-203106,203106,6,12,6,tight,203206,100,penalty_scaled_geometric,0,0,,286.0,,0.13690299999871058,9000,90,3
tiny-6-203106,203106,6,12,6,tight,203606,500,coefficient_scaled_linear,0,0,,286.0,,0.6376535000017611,45000,90,3
tiny-6-203106,203106,6,12,6,tight,203606,500,penalty_scaled_geometric,1,0,434.0,286.0,51.74825174825175,0.5355150000032154,45000,90,3
tiny-6-203106,203106,6,12,6,tight,205106,2000,coefficient_scaled_linear,0,0,,286.0,,2.5609579000010854,180000,90,3
tiny-6-203106,203106,6,12,6,tight,205106,2000,penalty_scaled_geometric,1,0,372.0,286.0,30.069930069930063,2.5942447999987053,180000,90,3
tiny-6-203106,203106,6,12,6,tight,213106,10000,coefficient_scaled_linear,0,0,,286.0,,12.554208300003665,900000,90,3
tiny-6-203106,203106,6,12,6,tight,213106,10000,penalty_scaled_geometric,0,0,,286.0,,12.491249700004118,900000,90,3
tiny-6-203107,203107,6,12,12,loose,203207,100,coefficient_scaled_linear,0,0,,228.0,,0.06630219999351539,9200,92,4
tiny-6-203107,203107,6,12,12,loose,203207,100,penalty_scaled_geometric,0,0,,228.0,,0.14077770000585588,9200,92,4
tiny-6-203107,203107,6,12,12,loose,203607,500,coefficient_scaled_linear,0,0,,228.0,,0.6647788000045693,46000,92,4
tiny-6-203107,203107,6,12,12,loose,203607,500,penalty_scaled_geometric,0,0,,228.0,,0.6679386999967392,46000,92,4
tiny-6-203107,203107,6,12,12,loose,205107,2000,coefficient_scaled_linear,0,0,,228.0,,2.5415097000004607,184000,92,4
tiny-6-203107,203107,6,12,12,loose,205107,2000,penalty_scaled_geometric,0,0,,228.0,,2.6574717000039527,184000,92,4
tiny-6-203107,203107,6,12,12,loose,213107,10000,coefficient_scaled_linear,0,0,,228.0,,12.25808930000494,920000,92,4
tiny-6-203107,203107,6,12,12,loose,213107,10000,penalty_scaled_geometric,0,0,,228.0,,13.124110400000063,920000,92,4
tiny-6-203108,203108,6,14,7,tight,203208,100,coefficient_scaled_linear,0,0,,257.0,,0.13438370000221767,9000,90,3
tiny-6-203108,203108,6,14,7,tight,203208,100,penalty_scaled_geometric,0,0,,257.0,,0.13802099999884376,9000,90,3
tiny-6-203108,203108,6,14,7,tight,203608,500,coefficient_scaled_linear,0,0,,257.0,,0.6327467000010074,45000,90,3
tiny-6-203108,203108,6,14,7,tight,203608,500,penalty_scaled_geometric,0,0,,257.0,,0.6540420999954222,45000,90,3
tiny-6-203108,203108,6,14,7,tight,205108,2000,coefficient_scaled_linear,0,0,,257.0,,2.5607938000030117,180000,90,3
tiny-6-203108,203108,6,14,7,tight,205108,2000,penalty_scaled_geometric,0,0,,257.0,,2.5885577000008198,180000,90,3
tiny-6-203108,203108,6,14,7,tight,213108,10000,coefficient_scaled_linear,0,0,,257.0,,12.633073900004092,900000,90,3
tiny-6-203108,203108,6,14,7,tight,213108,10000,penalty_scaled_geometric,0,0,,257.0,,12.270921200004523,900000,90,3
tiny-6-203109,203109,6,11,11,loose,203209,100,coefficient_scaled_linear,0,0,,297.0,,0.13598029999411665,9200,92,4
tiny-6-203109,203109,6,11,11,loose,203209,100,penalty_scaled_geometric,0,0,,297.0,,0.1393580000003567,9200,92,4
tiny-6-203109,203109,6,11,11,loose,203609,500,coefficient_scaled_linear,0,0,,297.0,,0.6764788000000408,46000,92,4
tiny-6-203109,203109,6,11,11,loose,203609,500,penalty_scaled_geometric,0,0,,297.0,,0.6663866999952006,46000,92,4
tiny-6-203109,203109,6,11,11,loose,205109,2000,coefficient_scaled_linear,0,0,,297.0,,2.522241499995289,184000,92,4
tiny-6-203109,203109,6,11,11,loose,205109,2000,penalty_scaled_geometric,0,0,,297.0,,2.470002599999134,184000,92,4
tiny-6-203109,203109,6,11,11,loose,213109,10000,coefficient_scaled_linear,0,0,,297.0,,12.480913199993665,920000,92,4
tiny-6-203109,203109,6,11,11,loose,213109,10000,penalty_scaled_geometric,1,0,409.0,297.0,37.710437710437716,13.096013700000185,920000,92,4
